topic,chinese,english
School 学校,课程,course; curriculum; class
School 学校,必修课,core course/required course
School 学校,选修课,elective course
School 学校,基础课,basic course
School 学校,课外活动,extracurricular activities
School 学校,作业,homework
School 学校,成绩,grade; score
School 学校,学分,credit
School 学校,写作,writing; composition
School 学校,体育,sport
School 学校,世界文学,world literature
School 学校,英国文学,English literature
School 学校,社会学科,social studies
School 学校,历史,history
School 学校,世界史,world history
School 学校,欧洲史,European history
School 学校,美国史,U.S. history
School 学校,政府,government
School 学校,经济学,economics
School 学校,社会学,sociology
School 学校,心理学,psychology
School 学校,艺术,arts
School 学校,辩论,debate
School 学校,乐队,band
School 学校,爵士,jazz
School 学校,管弦乐队,orchestra
School 学校,戏剧,drama
School 学校,舞蹈,dance
School 学校,形象艺术,graphic arts
School 学校,年鉴,yearbook
School 学校,数学,mathematics
School 学校,代数学,algebra
School 学校,几何学,geometry
School 学校,数学分析,math analysis
School 学校,统计学,statistics
School 学校,微积分,calculus
School 学校,科学,science
School 学校,生物学,biology
School 学校,化学,chemistry
School 学校,物理学,physics
School 学校,环境科学,environmental science
School 学校,解剖学,anatomy
School 学校,生理学,physiology
School 学校,体育教育,physical education
School 学校,计算机学,computer science
School 学校,电脑,computer
School 学校,医学,medicine
